name,sub_region,fwd_sequence ,fwd_PID_len,rev_sequence,rev_pid,overlapping
GAG_P17,P17,NNNNATGGGTGCGAGAGCGTCARTATTA,4,NNNNNNNNNNNACATGGGTATTACCTCTGGGCT,11,yes
GAG_P24,P24,NNNNCACCTAGAACYTTGAATGCATG,4,NNNNNNNNNNNTCTAATGTAGCCCCTGGTCCTAAT,11,no
POL_PRO,None,NNNNAGCAGAGAGCTTCAGGTTCG,4,NNNNNNNNNNNTCTTCTGTCAATGGCCATTGT,11,yes
POL_RT1,None,NNNNCTGTACCAGTAAAAYTRAAGCCAGGAATG,4,NNNNNNNNNNNCTACTCTGGAATATTGCTGGTGATCC,11,yes
POL_RT2,None,NNNNCTGCATTCACCATACCTAGTATAAAC,4,NNNNNNNNNNNTGATGGGTCATAATATACTCCATG,11,no
POL_INT,None,NNNNGGCTACATAGAAGCAGAGGT,4,NNNNNNNNNNNAATCTTCATCCTGTCTACCTGCCACAC,11,no
POL_INT_VIF,None,NNNNGTGACATAAAGGTAGTACCAAGGAGGA,4,NNNNNNNNNNNGCTGTCAGTGCCAAGTATTGTAGA,11,yes
VPR_VIF,None,NNNNGCCATAAGAAAAGCCATATTAGGAC,4,NNNNNNNNNNNCTTTTGTCTGAAAGCAAACTAGACAATG,11,yes
ENV_C0C1,C0C1,NNNNGAGCAGAAGACAGTGGCAATGAGAGT,4,NNNNNNNNNNNAGGCTTTGATCCCATAAACTGATTATATC,11,yes
ENV_C1C2,C1C2,NNNNATGGGATCAAAGCCTAAARCCATGTGTA,4,NNNNNNNNNNNCTTAATTCCATGTGTACATTGTACTGTRCT,11,yes
ENV_C2C3,C2C3,NNNNACCTCAGCCATAACACAAGCCTG,4,NNNNNNNNNNNGCTATGTGTTGTAATTTCTAGRTCCCCT,11,yes
ENV_C4C5,C3C5,NNNNACACATAGCTTTAATTGTRGAGGAGAATTT,4,NNNNNNNNNNNTGCTATTCCCAATGGCTTAATTTCTACYAC,11,yes
ENV_GP41,GP41,NNNNGGCTGTGGTATATAAAAATATTCATMATGA,4,NNNNNNNNNNNCTTATTCTTCTAGGTATGTTGHRG,11,yes
NEF_1,None,NNNNATAAGACAGGGCTTTGAAGCAGC,4,NNNNNNNNNNNAGCACCATCCAAAGGTCAGTGG,11,yes
